{
  "EST": {
    "CAISO": 930258.0,
    "ERCOT": 571392.0,
    "FRCC": 584768.0,
    "ISONE": 366368.0,
    "MISO": 1051459.0,
    "NYISO": 585979.0,
    "NorthernGridConnected": 463372.0,
    "NorthernGridUnconnected": 111456.0,
    "NotOrder1000": 50756.0,
    "PJM": 1550176.0,
    "SCRTP": 66144.0,
    "SERTP": 891573.0,
    "SPP": 359655.0,
    "WestConnect": 239883.0,
    "WestConnectNonEnrolled": 164736.0
  },
  "DailyGDP": {
    "CAISO": 8.3225597808,
    "ERCOT": 4.7354752055,
    "FRCC": 3.1967644932,
    "ISONE": 2.9128963836,
    "MISO": 7.1188266027,
    "NYISO": 5.2615894521,
    "NorthernGridConnected": 3.1807500274,
    "NorthernGridUnconnected": 0.8352190411,
    "NotOrder1000": 0.4047796438,
    "PJM": 11.7910906301,
    "SCRTP": 0.3845125753,
    "SERTP": 6.132121726,
    "SPP": 2.3351123288,
    "WestConnect": 1.6331549863,
    "WestConnectNonEnrolled": 1.1011874521
  },
  "ESTPerc": {
    "CAISO": 0.1164572999,
    "ERCOT": 0.0715315208,
    "FRCC": 0.0732060378,
    "ISONE": 0.0458649407,
    "MISO": 0.1316302317,
    "NYISO": 0.0733576407,
    "NorthernGridConnected": 0.0580086943,
    "NorthernGridUnconnected": 0.0139529731,
    "NotOrder1000": 0.0063540509,
    "PJM": 0.194063702,
    "SCRTP": 0.0082804465,
    "SERTP": 0.1116143954,
    "SPP": 0.0450245525,
    "WestConnect": 0.0300305146,
    "WestConnectNonEnrolled": 0.0206229989
  },
  "POP20": {
    "CAISO": 36669676,
    "ERCOT": 25756383,
    "FRCC": 20269759,
    "ISONE": 14160438,
    "MISO": 44656227,
    "NYISO": 21994860,
    "NorthernGridConnected": 16095613,
    "NorthernGridUnconnected": 4593872,
    "NotOrder1000": 2506448,
    "PJM": 65742117,
    "SCRTP": 2695532,
    "SERTP": 39959158,
    "SPP": 14342300,
    "WestConnect": 9947333,
    "WestConnectNonEnrolled": 6191785
  },
  "POP20Ratio": {
    "CAISO": 0.112628254,
    "ERCOT": 0.079108865,
    "FRCC": 0.0622570967,
    "ISONE": 0.0434927597,
    "MISO": 0.137158367,
    "NYISO": 0.0675556195,
    "NorthernGridConnected": 0.0494365096,
    "NorthernGridUnconnected": 0.0141097451,
    "NotOrder1000": 0.0076983735,
    "PJM": 0.201922151,
    "SCRTP": 0.0082791313,
    "SERTP": 0.1227316597,
    "SPP": 0.0440513357,
    "WestConnect": 0.0305525129,
    "WestConnectNonEnrolled": 0.0190176192
  },
  "DailyGDPPerc": {
    "CAISO": 0.1402378277,
    "ERCOT": 0.0797942909,
    "FRCC": 0.053866517,
    "ISONE": 0.0490832475,
    "MISO": 0.1199545338,
    "NYISO": 0.0886594863,
    "NorthernGridConnected": 0.0535966681,
    "NorthernGridUnconnected": 0.0140737113,
    "NotOrder1000": 0.0068206681,
    "PJM": 0.1986836959,
    "SCRTP": 0.0064791614,
    "SERTP": 0.1033282371,
    "SPP": 0.039347399,
    "WestConnect": 0.0275191905,
    "WestConnectNonEnrolled": 0.0185553652
  }
}
